BUG_ID,ISSUE_ID,APP,SUBCATEGORY,SUBCATEGORY_NAME,REASON
3,1296,Simplenote,A4,Lack of data sync,App fails to clear local note cache on logout so next user sees stale data
6,1294,Simplenote,A7,Incorrect variable assignment,Sort-order preference value never written to persistent storage so it is lost on navigation
7,1293,Simplenote,A7,Incorrect variable assignment,Sort-order selection not committed to SharedPreferences so reverts to default on every load
8,907,Simplenote,A7,Incorrect variable assignment,Search sort and note-list sort share same preference key so one overwrites the other on force-close
13,1190,Simplenote,A3,Wrong control flow,Search tokenizer treats dash as delimiter rather than literal so dash queries match nothing
14,1221,Simplenote,A7,Incorrect variable assignment,Checkbox insertion calculates offset using visual line coordinates without accounting for text wrapping
15,1111,Simplenote,A2,Missing cases,Tag rename checks for duplicates globally but not per-note so renaming creates duplicate on note
18,1070,Simplenote,A4,Lack of data sync,Markdown preview not refreshed on rapid tab switch because sync trigger between edit and renderer missing
20,1007,Simplenote,A7,Incorrect variable assignment,Session authentication token not written to persistent storage so lost on force-close
22,984,Simplenote,A3,Wrong control flow,Widget click handler missing auth state check so unauthenticated user routed to editor not login
23,980,Simplenote,A8,Other wrong implementation,Note editing logic removes CheckableSpan objects from checklist content when text modified
24,952,Simplenote,A7,Incorrect variable assignment,Search highlight offset calculation does not account for checkbox span characters so highlight shifted
27,710,Simplenote,A8,Other wrong implementation,Login error callback invoked twice for single failure because listener not unregistered after first invocation
28,702,Simplenote,A4,Lack of data sync,Dark theme preference not read and applied to toolbar before initial UI render on first launch
29,709,Simplenote,A3,Wrong control flow,Tag note-count query uses case-sensitive comparison so uppercase-tagged notes return zero count
33,642,Simplenote,A2,Missing cases,Share dialog does not normalize icon sizes from different source apps causing inconsistent dimensions
35,615,Simplenote,A5,Improper exception handling,Markdown preview renderer does not null-check value under Dark-at-Night code path so null renders as string
36,8583,AnkiDroid,A2,Missing cases,Animation only triggered on direct touch but not keyboard/gesture code paths — missing case in event handling
37,8229,AnkiDroid,A2,Missing cases,Cloze answer validation only matches first occurrence of repeated cloze text instead of all instances
38,7465,AnkiDroid,A4,Lack of data sync,Downloaded-bytes counter in sync dialog not instrumented or updated during sync so always shows zero
39,8235,AnkiDroid,A2,Missing cases,Fullscreen drawer drag gesture added without handling conflict with existing card swipe gesture recognizers
40,7369,AnkiDroid,A5,Improper exception handling,Answer buttons fail to render in Reviewer under certain configurations due to unhandled rendering exception
43,7836,AnkiDroid,A3,Wrong control flow,Whiteboard conditional checking foreground color was inverted causing wrong background color to be drawn
44,7801,AnkiDroid,A4,Lack of data sync,After editing a card the previewer state is not refreshed so it navigates to wrong card
45,7793,AnkiDroid,A7,Incorrect variable assignment,Missing translated string in Crowdin caused all gesture-menu entries to shift by one position
46,7344,AnkiDroid,A5,Improper exception handling,Partial drawer open leaves drawer state desynchronized blocking subsequent touch events
47,7770,AnkiDroid,A2,Missing cases,Image paste handler appends to field end instead of inserting at current cursor position
48,7768,AnkiDroid,A2,Missing cases,Crop result callback not processed after crop action so cropped image is never applied
50,7730,AnkiDroid,A4,Lack of data sync,Filtered-deck rebuild resets suspension flag on cards instead of preserving it as independent attribute
51,7680,AnkiDroid,A8,Other wrong implementation,Transient message shown as modal MaterialDialog obscured by navigation; should be a Toast
52,7695,AnkiDroid,A7,Incorrect variable assignment,Field rename dialog references wrong string resource constant displaying rename-note-type instead of rename-field
53,7674,AnkiDroid,A2,Missing cases,Card reposition neither records undo entry nor refreshes due field in browser view after completion
54,6288,AnkiDroid,A3,Wrong control flow,Card browser query parser does not properly escape deck names with both asterisks and parentheses
56,7377,AnkiDroid,A3,Wrong control flow,Adding second image overwrites first due to incorrect image-reference management logic
57,6857,AnkiDroid,A4,Lack of data sync,Card browser does not save and restore scroll position when returning from card-edit activity
58,7366,AnkiDroid,A5,Improper exception handling,Home screen widget fails to load data due to unhandled exception or missing initialization in update path
59,7286,AnkiDroid,A4,Lack of data sync,Previewer uses cached default sort order instead of reading currently active sort order from browser
60,7138,AnkiDroid,A3,Wrong control flow,Touch animation logic misroutes rapid consecutive taps causing show-answer tap to be consumed and card skipped
61,7076,AnkiDroid,A7,Incorrect variable assignment,Reviewer displays parent deck name instead of sub-deck name because wrong deck identifier used for display title
62,7070,AnkiDroid,A3,Wrong control flow,Tag-filter search query constructed incorrectly returning no results even when matching tagged cards exist
63,7027,AnkiDroid,A2,Missing cases,Entering fullscreen in previewer fails to hide or deduplicate show-answer button causing it to render twice
64,5802,AnkiDroid,A7,Incorrect variable assignment,Sort arrow icon assigned inverted direction relative to actual sort so ascending and descending arrows are swapped
65,6853,AnkiDroid,A7,Incorrect variable assignment,Rep count incremented before user answers rather than after producing off-by-one in timebox card count
66,6887,AnkiDroid,A4,Lack of data sync,New-card counter not updated when cards added during active review session causing stale negative values
67,6894,AnkiDroid,A3,Wrong control flow,Rounding error in due-time formatting logic adds extra hour when remaining time exceeds ~1h29min
70,5973,AnkiDroid,A2,Missing cases,Image import assumes URIs are local file paths and does not handle cloud-backed content URIs from Google Photos
71,6684,AnkiDroid,A4,Lack of data sync,Field values not passed from note editor to cloze preview renderer so preview always receives empty data
72,6587,AnkiDroid,A3,Wrong control flow,Undo operation subtracts from review counter instead of restoring it allowing count to go negative
73,6576,AnkiDroid,A8,Other wrong implementation,Reminder-setting description text truncated in deck options UI due to insufficient layout space
74,6513,AnkiDroid,A8,Other wrong implementation,Filter-by-tag dialog does not allow long hierarchical tag names to wrap or scroll causing truncation
77,6228,AnkiDroid,A4,Lack of data sync,Custom study incorrectly persists card state changes when reschedule disabled due to failure to isolate session data
78,6200,AnkiDroid,A3,Wrong control flow,Unbury operation applies to wrong cards due to incorrect control flow in deck-context unbury pathway
79,6167,AnkiDroid,A7,Incorrect variable assignment,Typed answer template uses localized field names that do not resolve to canonical English identifiers
80,6119,AnkiDroid,A4,Lack of data sync,Eraser button visual state not re-synchronized with canvas content when new stroke drawn after full undo
82,5187,AnkiDroid,A5,Improper exception handling,Progress bar fails to dismiss because completion callback not triggered for certain card types like cloze
83,5695,AnkiDroid,A8,Other wrong implementation,Star and flag icons flash because rendering pipeline unconditionally injects and removes them rather than conditionally rendering
84,5352,AnkiDroid,A3,Wrong control flow,Field name validator strips parentheses due to overly broad filtering condition diverging from desktop Anki behavior
85,5544,AnkiDroid,A7,Incorrect variable assignment,Font scaling formula uses getTextSize as input to setTextSize without specifying absolute pixel units causing unit mismatch
87,5737,AnkiDroid,A4,Lack of data sync,New card count indicator not synchronized with actual available cards showing non-zero when none available
89,5713,AnkiDroid,A7,Incorrect variable assignment,Scheduler V2 ETA calculation uses incorrect per-card timing values producing inaccurate completion time
90,5091,AnkiDroid,A7,Incorrect variable assignment,Filtered deck rebuild references selected deck variable instead of long-tapped deck causing wrong deck to rebuild
91,5166,AnkiDroid,A3,Wrong control flow,Overly strict regex in Utils.java fails to match img tags with attributes causing conditionals to evaluate image fields as empty
92,5450,AnkiDroid,A4,Lack of data sync,Note type creation after full sync uses stale cached data causing malformed type that ignores user-provided names
93,5184,AnkiDroid,A7,Incorrect variable assignment,Editing card during custom study saves temporary custom deck ID as permanent deck assignment
94,5334,AnkiDroid,A3,Wrong control flow,Dollar sign stripped from typed-answer display because regex pattern in answer processing incorrectly removes it
95,5262,AnkiDroid,A3,Wrong control flow,scrollDecklistToDeck triggered on touch-hold scroll events when it should only run on initial deck list open
98,5216,AnkiDroid,A2,Missing cases,Reposition action missing card-type validation guard that should prevent it applying to review cards
99,5167,AnkiDroid,A2,Missing cases,Rescheduling card during review does not dequeue it because rescheduling dialog lacks dequeue implementation
101,4999,AnkiDroid,A4,Lack of data sync,Card browser always opens to one specific deck because selected deck context not correctly passed to browser activity
105,7992,AnkiDroid,A4,Lack of data sync,Card browser does not update card color after batch suspend because UI adapter not notified to redraw affected cards
106,9005,AnkiDroid,A3,Wrong control flow,Cloze notes with many cards show error because preview system attempts to access non-existent ordinals instead of defaulting to 0
107,8975,AnkiDroid,A3,Wrong control flow,Search All Decks button returns empty because button-triggered search path does not expand deck scope unlike manual dropdown
108,8466,AnkiDroid,A4,Lack of data sync,Card color not updated immediately after flag selection because display layer not notified to refresh visual styling
110,8527,AnkiDroid,A3,Wrong control flow,Gesture answer button actions fail after regression that broke routing of gesture events to answer button handlers
111,8547,AnkiDroid,A3,Wrong control flow,Card browser selected count wrong with duplicate cards because count and selection use different deduplication logic
112,8379,AnkiDroid,A5,Improper exception handling,Bug report cannot be resubmitted after cancellation because ACRA report data not cleared on cancel
114,7934,AnkiDroid,A2,Missing cases,Decimal step intervals below 4 seconds crash scheduler because V2 scheduler has no handling for sub-threshold decimal values
115,8008,AnkiDroid,A7,Incorrect variable assignment,Statistics graph renders extra bar due to off-by-one or boundary error in data calculation mapping points to bars
116,7896,AnkiDroid,A8,Other wrong implementation,Unicode combining diacritics render as squares in typed-answer comparison due to font or rendering pipeline limitation
117,7023,AnkiDroid,A5,Improper exception handling,Export crashes with FileNotFoundException because exporter does not check whether media files exist before opening FileInputStream
118,2595,Amaze,A2,Missing cases,Missing trim() call on filename input is a specific usage case not handled in showNameDialog()
119,2526,Amaze,A4,Lack of data sync,FTP service state stopped via notification not propagated back to update UI — data sync failure
120,2518,Amaze,A1,Missing features,No handler registered for Exit menu item in AppsListFragment so the feature was not implemented
121,2498,Amaze,A5,Improper exception handling,Sort button silently no-ops when getCurrentMainFragment() returns null instead of handling null properly
122,2477,Amaze,A3,Wrong control flow,Up navigation hardcoded to jump to root settings rather than traversing hierarchy one level at a time
124,2360,Amaze,A5,Improper exception handling,getPackageArchiveInfo() returns null for split APKs and code did not handle this null case
125,2131,Amaze,A2,Missing cases,Move operation did not call MediaScanner to notify system of new file location — missing case in post-move workflow
126,2113,Amaze,A7,Incorrect variable assignment,URI encoding incorrectly applied to filenames during rename assigning percent-encoded string where literal needed
127,2079,Amaze,A8,Other wrong implementation,Race condition between clearing tabs DB and creating new tabs caused duplicate tab entries on fresh install
128,2010,Amaze,A5,Improper exception handling,Database query failure during tab restore not properly handled silently falling back to home directory
133,1920,Amaze,A5,Improper exception handling,No user feedback shown when FTP start button disabled due to missing WiFi — unhandled constraint state
135,1916,Amaze,A3,Wrong control flow,Documents shortcut used wrong MIME filter logic causing content query to return empty results
137,1872,Amaze,A3,Wrong control flow,Search result click handler does not distinguish directories from files applying wrong open handler to directories
138,1866,Amaze,A5,Improper exception handling,Permission denial triggers repeated toast loop without offering exit path — denied-permission state not handled
139,1834,Amaze,A7,Incorrect variable assignment,Compression call passes incorrect argument that inadvertently sets password on archive without user intent
140,1797,Amaze,A3,Wrong control flow,Search results list not cleared before populating new query results causing old and new results to accumulate
141,1712,Amaze,A4,Lack of data sync,After unhiding file notifyDataSetChanged() not called on adapter so UI does not sync with updated data
144,1499,Amaze,A3,Wrong control flow,Back button navigation resolves to parent-directory notation instead of traversing navigation history stack
145,1497,Amaze,A2,Missing cases,Root explorer failed to handle symlinks to directories as navigable case treating them as files
146,1475,Amaze,A2,Missing cases,Rename operation does not trigger MediaScanner notification leaving gallery cache stale with old filename
147,1467,Amaze,A2,Missing cases,Search does not check show-hidden-files setting before including hidden files — missing filter case
148,5292,K-9 Mail,A3,Wrong control flow,Storage refactoring caused download flags to always be set breaking conditional check in MessageLoaderHelper
149,5206,K-9 Mail,A2,Missing cases,Search results view failed to bind account list data to drawer — missing case in drawer initialization
150,5198,K-9 Mail,A4,Lack of data sync,Drawer header UI not updated to reflect configured default account at startup showing first account instead
151,5139,K-9 Mail,A2,Missing cases,Unified inbox pull-to-refresh lacked proper handling to delegate sync command to individual accounts
152,5088,K-9 Mail,A4,Lack of data sync,Port field state not reset when user switches account type mid-setup causing old protocol port to persist
153,5044,K-9 Mail,A3,Wrong control flow,SpecialLocalFoldersCreator persisted account before setup complete causing wrong control flow at startup
154,5026,K-9 Mail,A4,Lack of data sync,Delete updated in-memory UI but failed to persist removal to IMAP server causing deleted messages to reappear
155,5004,K-9 Mail,A8,Other wrong implementation,Email address parser split addresses by newline without considering newlines may be visual wrapping artifacts
156,4984,K-9 Mail,A5,Improper exception handling,Preview text extraction error on IMAP caused unhandled exception preventing messages from displaying
157,4951,K-9 Mail,A8,Other wrong implementation,HTML sanitizer incorrectly stripped body element attributes causing renderer to apply unwanted default padding
159,4935,K-9 Mail,A2,Missing cases,Image attachments with generic MIME type not matched to image renderers — missing case prevented inline image display
160,4872,K-9 Mail,A3,Wrong control flow,URL formatting applied angle-bracket expansion unconditionally without checking if already formatted
161,4804,K-9 Mail,A8,Other wrong implementation,Incorrect scroll boundary/height calculation prevented last folder entries from rendering when list required scrolling
162,4742,K-9 Mail,A2,Missing cases,Reply action failed to populate compose window with quoted message due to missing quoted-text insertion logic
163,4685,K-9 Mail,A8,Other wrong implementation,Draft save/load cycle stripped newline characters due to incorrect text serialization or parsing logic
164,4678,K-9 Mail,A3,Wrong control flow,POP3 deletion logic incorrectly handled trash folder mapping failing to move deleted messages
166,4517,K-9 Mail,A4,Lack of data sync,Background sync updated view hierarchy while changelog dialog was rendering causing layout shift
168,4453,K-9 Mail,A8,Other wrong implementation,Folder settings import failed due to class name mismatches between exported settings format and current codebase naming
170,4435,K-9 Mail,A3,Wrong control flow,Compose session incorrectly triggered draft save on close when no content modified — missing unmodified-state check
174,4374,K-9 Mail,A3,Wrong control flow,PGP sign-only mode applied encrypted subject replacement even when no encryption performed — wrong conditional branch
177,4333,K-9 Mail,A4,Lack of data sync,Folder update events not properly isolated from drawer UI state causing wrong order after expand-and-refresh
178,4304,K-9 Mail,A5,Improper exception handling,POP3 SSL download failed because connection not opened before attempting download
180,3866,K-9 Mail,A3,Wrong control flow,PR regression removed conditional check for background sync preference causing sync to fire when set to Never
182,3811,K-9 Mail,A7,Incorrect variable assignment,Subject field not transmitted because code passed null as plaintext subject when no crypto provider used
183,3685,K-9 Mail,A3,Wrong control flow,IMAP search incorrectly applied sync-window restriction to server-side searches causing repeated fetch/reject loop
184,6298,NewPipe,A2,Missing cases,Back button click handler never implemented in error report Activity so back navigation was missing case
187,3647,NewPipe,A2,Missing cases,Email intent construction omitted exception body when using direct reporting path — missing case in bug-reporter
188,3888,NewPipe,A4,Lack of data sync,Playback position state not shared between three player modes so switching modes lost current position
189,6419,NewPipe,A4,Lack of data sync,Background player notification UI not updated when playback speed changed — no sync mechanism for speed change
190,4040,NewPipe,A7,Incorrect variable assignment,Layout calculation for centering vertical videos did not pre-account for navigation bar height giving incorrect offset
192,5959,NewPipe,A3,Wrong control flow,Wrong control flow caused empty-state handler to hide channel header view even when header present for no-video channels
193,5036,NewPipe,A2,Missing cases,Export feature description string omitted mention of settings from exported content list
195,3149,NewPipe,A1,Missing features,Track name and album art never implemented to be passed to system media session metadata API
196,2272,NewPipe,A3,Wrong control flow,Wrong initialization control flow caused trending tab label to be re-translated multiple times during app startup
197,2848,NewPipe,A7,Incorrect variable assignment,Comment timestamp formatting incorrectly used device system locale instead of app-configured preferred language
200,5613,NewPipe,A7,Incorrect variable assignment,Aspect ratio preference stored and retrieved with off-by-one index shift causing wrong mode to restore
201,3238,NewPipe,A5,Improper exception handling,Extractor called Long.parseLong() on empty string without validation causing NumberFormatException crash
202,6138,NewPipe,A3,Wrong control flow,Download-started toast triggered when conflict dialog opened rather than after user confirmed overwrite
204,3851,NewPipe,A2,Missing cases,URL intent parser did not handle t= timestamp query parameter so shared YouTube links with timestamps started from beginning
206,5550,NewPipe,A2,Missing cases,Channel video pagination did not fetch next page after first because subsequent page request case not handled
208,3145,NewPipe,A8,Other wrong implementation,Change in NewPipeExtractor data structure caused visual regression in trending page layout rendering
211,4940,NewPipe,A3,Wrong control flow,Duplicate queue entries triggered incorrect playback state handling causing player to enter infinite buffering
214,2111,NewPipe,A7,Incorrect variable assignment,Large video downloads failed due to 32-bit offset overflow for files requiring 64-bit offsets in MP4 processor
218,4121,NewPipe,A3,Wrong control flow,Seek bar touch handler uses incorrect logic to classify gesture direction causing diagonal drags to misroute
220,5453,NewPipe,A3,Wrong control flow,Regression introduced wrong control flow in view initialization causing scroll events to fire instead of opening URLs
221,2626,NewPipe,A3,Wrong control flow,Prior code change broke livestream playback logic causing regression in control flow for live content
222,6371,NewPipe,A3,Wrong control flow,Preferred open action setting applies unconditionally to all content types when it should only apply to videos
223,2504,NewPipe,A2,Missing cases,App lacks fallback code path for Android 5.x devices where SAF behaves differently requiring legacy file picker
225,2924,NewPipe,A2,Missing cases,App does not handle reCAPTCHA challenge flow leaving users unable to play any video when YouTube demands CAPTCHA
226,2894,NewPipe,A7,Incorrect variable assignment,Negative time values displayed due to incorrect numeric formatting or wrong variable values in localized time string
227,5912,NewPipe,A7,Incorrect variable assignment,Search bar accepts clipboard content as rich text and renders HTML tags literally because input not sanitized
228,2922,NewPipe,A2,Missing cases,App fails to request SYSTEM_ALERT_WINDOW permission needed for popup mode on Android 10 where case not handled
230,4143,NewPipe,A8,Other wrong implementation,Second drag during player spring-back animation creates conflicting movement vectors causing jitter
235,5475,NewPipe,A4,Lack of data sync,Player title display one item behind due to timing mismatch between queue changes and UI observer update
236,6397,NewPipe,A3,Wrong control flow,Export database flow uses incorrect default folder navigation logic locking users out of folders after failed external save
237,1919,NewPipe,A4,Lack of data sync,After importing subscriptions UI list not refreshed because import completion event does not trigger view to reload data
239,3684,NewPipe,A2,Missing cases,Autoplay toggle only rendered for YouTube and code does not handle case of showing it for other services
241,3714,NewPipe,A5,Improper exception handling,reCAPTCHA WebView renders blank because app does not properly handle challenge response flow
244,2644,NewPipe,A8,Other wrong implementation,Clear search button triggers two overlapping animations simultaneously producing visual conflict
245,3681,NewPipe,A7,Incorrect variable assignment,Video durations in channel view incorrect due to wrong parsing or assignment of duration values
247,5660,NewPipe,A3,Wrong control flow,Deletion handler posts each file removal with fixed delay causing snackbars to pile up — incorrect control flow
248,4890,NewPipe,A7,Incorrect variable assignment,Licenses dialog shows wrong license version for Giga Get because license metadata entry contains incorrect stale value
249,5003,AntennaPod,A4,Lack of data sync,Miniplayer UI not cleared/updated when associated podcast deleted — lacks listener synchronizing state with deletion events
251,4010,AntennaPod,A8,Other wrong implementation,Navigation from player menu to podcast feed screen fails due to incorrect fragment transaction logic
252,4669,AntennaPod,A3,Wrong control flow,iTunes suggestions header not hidden when suggestions disabled because control flow condition does not check user preference
253,4715,AntennaPod,A8,Other wrong implementation,Touch events on audio player progress bar pass through to queue list because player view does not consume touch events
256,4202,AntennaPod,A4,Lack of data sync,Loading indicator resets on each individual podcast completion instead of tracking overall refresh batch operation
257,3209,AntennaPod,A7,Incorrect variable assignment,Wrong episode removed from favorites because incorrect index used mapping UI list position to underlying data item
258,5275,AntennaPod,A1,Missing features,Pull-to-refresh not wired to trigger refresh when queue list empty — swipe-refresh listener only attached when episodes present
259,4488,AntennaPod,A3,Wrong control flow,Search from single podcast page does not filter results to that podcast because logic does not pass podcast context as filter
262,3092,AntennaPod,A4,Lack of data sync,Queue time-left label not refreshed after download completes because UI component does not observe completion event
263,4550,AntennaPod,A2,Missing cases,Episodes page does not show empty-state message when list cleared because empty view never implemented for that screen
264,3275,AntennaPod,A3,Wrong control flow,Episodes appear and download twice because feed deduplication logic fails to correctly identify already-seen episodes
266,4640,AntennaPod,A2,Missing cases,Settings search result points to preference that no longer exists — search index not updated to match available settings
268,4879,AntennaPod,A4,Lack of data sync,Chapters missing from player UI after episode resume because chapter data not re-loaded when playback resumes
270,3573,AntennaPod,A3,Wrong control flow,Streaming confirmation dialog shown even with continuous playback disabled — condition checking setting incorrect
271,4776,AntennaPod,A4,Lack of data sync,Played/unplayed color indicator not refreshed after toggling status because UI does not receive data-change notification
272,3786,AntennaPod,A3,Wrong control flow,Download button triggers streaming when prefer-streaming enabled because button action logic incorrectly defers to streaming preference
274,4548,AntennaPod,A4,Lack of data sync,Filtered episode list not updated after deletion because filtered view does not observe data changes
275,4473,AntennaPod,A8,Other wrong implementation,Progress bar highlighted when tapping empty space near player controls because touch events reach progress bar instead of button area
276,2953,AntennaPod,A3,Wrong control flow,Failed downloads retried immediately because retry logic does not check or enforce scheduled interval
278,5090,AntennaPod,A8,Other wrong implementation,Shownotes tab title font size changes repeatedly during playback due to incorrect UI measurement triggered on each update
281,4026,AntennaPod,A8,Other wrong implementation,Playing episode no longer added to queue as regression in 2.0.0-alpha1 due to queue-addition logic incorrectly removed
283,5255,AntennaPod,A5,Improper exception handling,No friendly error message shown when refreshing feed with no internet — offline exception case not caught
284,4275,AntennaPod,A3,Wrong control flow,Video feed played through audio player because media-type detection logic incorrectly classifies video enclosures as audio
285,5252,AntennaPod,A4,Lack of data sync,Toolbar remains in multi-select mode after NavDrawer navigation because multi-select state not cleared on navigation event
286,4636,AntennaPod,A7,Incorrect variable assignment,Download statistics show negative traffic values because bandwidth metrics calculation produces incorrect negative numbers
287,4734,AntennaPod,A2,Missing cases,Share option in podcast info overflow menu missing a label making it invisible after share action moved to overflow
288,4146,AntennaPod,A5,Improper exception handling,Typing http in podcast search bar triggers error because input handler interprets protocol prefix as literal URL not search query
289,4524,AntennaPod,A4,Lack of data sync,Mass-selection icon from one Downloads tab overwrites trash icon in another tab because icon/menu state not isolated between tabs
290,15026,WordPress,A8,Other wrong implementation,Date formatter uses wrong API or format pattern causing weekday values to render as numbers instead of locale-aware names
291,14787,WordPress,A2,Missing cases,Story-creation flow does not handle case where freshly recorded video published without adding extra views
292,14430,WordPress,A2,Missing cases,Story composer initialization fails to handle case of loading pre-existing story data and auto-selecting first slide
293,14234,WordPress,A2,Missing cases,Stories prepublishing sheet does not fetch category data on its own initialization relying on another code path
294,14216,WordPress,A2,Missing cases,URL resolution logic only handles primary domain and lacks case for mapping non-primary domain links
296,13671,WordPress,A8,Other wrong implementation,Stats graph scaling algorithm incorrectly calculates Y-axis intervals for low-count datasets producing fractional values
297,13428,WordPress,A4,Lack of data sync,Upload notification lifecycle not synchronized with post deletion state so deleting post does not clear notification
299,13121,WordPress,A8,Other wrong implementation,Regression in Stats module countries map rendering logic causes map to render as blank white screen
301,13037,WordPress,A2,Missing cases,Reader verse block renderer does not handle case where verse text exceeds device screen width causing text clipping
304,12858,WordPress,A2,Missing cases,Post editor media picker does not apply unsupported-format filtering allowing unsupported types to be selected
306,12578,WordPress,A2,Missing cases,New unified signup flow does not trigger Quick Start prompt after site creation
308,12544,WordPress,A2,Missing cases,Reader's Media and Text block renderer does not parse or apply block's crop and image-side CSS attributes
310,12308,WordPress,A2,Missing cases,Reader card renderer does not handle case of empty post title and lacks fallback to untitled placeholder
313,11950,WordPress,A3,Wrong control flow,Empty-state logic uses wrong condition to select illustration on Likes tab causing wrong illustration
314,11679,WordPress,A2,Missing cases,Reader's button block renderer does not apply background-color CSS rule so button background absent
316,11019,WordPress,A2,Missing cases,Magic link login flow does not include logic to show post-signup interstitial for accounts with no sites
320,10951,WordPress,A2,Missing cases,Post creation REST API call omits discussion parameter so per-post comment settings default to disabled
322,10835,WordPress,A8,Other wrong implementation,Account settings form submits display name and password in single API call but backend requires separate request for password
323,10707,WordPress,A8,Other wrong implementation,Page list sort comparator performs case-sensitive comparison causing uppercase page names to sort incorrectly
324,10410,WordPress,A2,Missing cases,HTML entity decoding step not applied to author name fields after refactor — specific case not handled
325,10354,WordPress,A2,Missing cases,App fails to handle case where site capability is unset on self-hosted sites causing wrong button label
326,10288,WordPress,A3,Wrong control flow,Control flow determining which button to show does not correctly handle failed-upload state
327,10203,WordPress,A4,Lack of data sync,Post upload not synchronized with media upload so local image path not replaced by remote URL before submitting
328,10145,WordPress,A2,Missing cases,Logout flow missing case of clearing stats widget data so stale data persists in widgets after sign-out
329,9966,WordPress,A3,Wrong control flow,Save action for local draft incorrectly routes through publish code path triggering publish dialog
330,9935,WordPress,A4,Lack of data sync,Page list UI not synchronized with background upload service completion event
331,9899,WordPress,A2,Missing cases,Settings password field missing case of masking stored credentials displaying password in plaintext
334,9717,WordPress,A4,Lack of data sync,Empty-state view displayed before checking data availability — timing race between loading state and data binding
335,9658,WordPress,A3,Wrong control flow,Condition triggering async promo dialog incorrectly fires for any non-published status not only draft-to-publish
336,9604,WordPress,A8,Other wrong implementation,ViewModel refactoring introduced incorrect lifecycle or event handling causing Snackbar to be dismissed immediately
337,9603,WordPress,A4,Lack of data sync,Overlay and progress not hidden when restore operation completes — visibility not synchronized with completion event
338,9599,WordPress,A4,Lack of data sync,Notifications list state reset each time tab gains focus before fresh data loads causing brief empty-screen flash
339,9595,WordPress,A3,Wrong control flow,Filter logic for Drafts tab incorrectly conditions display of local drafts on presence of remote drafts
340,9575,WordPress,A2,Missing cases,Author filter does not handle self-hosted Jetpack site case where user identifier format differs
341,9573,WordPress,A3,Wrong control flow,Condition for updating publish date display field does not cover new post with backdated date so shows Immediately
342,9567,WordPress,A5,Improper exception handling,Post update flow does not handle offline exception case dismissing snackbar without informing user update failed
343,9088,WordPress,A4,Lack of data sync,Stats Overview tab and other stat blocks maintain independent date state not synchronized causing mismatch
344,8994,WordPress,A5,Improper exception handling,Stats data parser lacks null checks for required fields in VisitsAndViewsResponse causing stats blocks to fail rendering
345,8964,WordPress,A2,Missing cases,Local preview WebView does not propagate authentication credentials for private sites — missing case
347,8755,WordPress,A4,Lack of data sync,Preview renders local image path before upload completes causing data-sync mismatch between media state and post content
348,8754,WordPress,A7,Incorrect variable assignment,Access token obtained after 2FA not correctly applied in subsequent API call causing 401 error
349,8582,WordPress,A3,Wrong control flow,Likes notification filter condition overly restrictive excluding comment likes and only showing post likes
350,8570,WordPress,A3,Wrong control flow,Media-share-to-app flow incorrectly triggers publish action on unrelated draft due to wrong conditional logic
351,8521,WordPress,A5,Improper exception handling,Page action handlers do not handle offline exception case providing no error feedback when network operations fail
352,8520,WordPress,A4,Lack of data sync,Page list display state not refreshed when returning from editor leaving overflow menu icons in stale hidden state
354,8283,WordPress,A8,Other wrong implementation,Snackbar UI layout does not accommodate full length of existing-email message causing truncation
355,8222,WordPress,A5,Improper exception handling,When Google auth fails during sign-up error callback does not dismiss progress dialog leaving UI stuck
357,4583,Firefox,A2,Missing cases,Homescreen UI fails to refresh when language changed because language-change case not handled to trigger UI update
360,3617,Firefox,A4,Lack of data sync,Make-default-browser toggle UI state not updated after system action because code does not sync toggle with actual system setting
361,3081,Firefox,A3,Wrong control flow,Duplicate menu item appears because menu inflation logic inflates same item twice due to incorrect control flow
362,3939,Firefox,A4,Lack of data sync,Fingerprint authentication state not reset between shortcut launches so second open bypasses prompt due to stale auth session
364,3152,Firefox,A3,Wrong control flow,URL bar text cleared on status bar tap because focus event handler incorrectly triggers text-clear action
365,3790,Firefox,A4,Lack of data sync,Homescreen shortcuts open blank tabs after history clear because shortcut URL data lost and not re-synced
366,3829,Firefox,A3,Wrong control flow,Wrong code path used for default browser on Android above 6 because version-check condition incorrectly implemented
368,3563,Firefox,A3,Wrong control flow,Only bottom tab closed on new session because tab-closing logic does not iterate over all open tabs
369,3633,Firefox,A4,Lack of data sync,Toolbar URL not restored after download cancelled because UI state not synced back to current page URL
370,3258,Firefox,A3,Wrong control flow,Tips without deep links still styled as tappable because condition check for whether tip has deep link is missing
372,3291,Firefox,A7,Incorrect variable assignment,Removing search engine changes default because index tracking default engine not correctly updated after deletion
373,3892,Firefox,A3,Wrong control flow,Backspace skips character when autocomplete active because deletion logic does not correctly account for autocomplete offset
377,4097,Firefox,A2,Missing cases,Homescreen tips not updated on language change because language-change case not handled to refresh tips display
378,3069,Firefox,A4,Lack of data sync,Re-enabling tracker-blocked toggle only restores social trackers because cache not fully invalidated
379,3146,Firefox,A2,Missing cases,Block cookies setting label stays in old language because language-change case not handled to refresh this settings element
380,3937,Firefox,A3,Wrong control flow,Keyboard dismissed during URL bar typing when page finishes loading because page-load event incorrectly triggers dismissal
382,4740,Firefox,A4,Lack of data sync,Third-party cookie blocking has no effect because selected setting not applied or propagated to actual blocking engine
383,3124,Firefox,A4,Lack of data sync,Granular tracking protection settings ignored because per-category settings not propagated to WebView blocking logic
384,4341,Firefox,A3,Wrong control flow,Default cookie-block option not pre-selected in dialog because initialization does not set correct default selection
385,3254,Firefox,A1,Missing features,Remove-search-engine UI shows no checkboxes because selection UI for removal flow was not implemented or not rendering
388,4877,Firefox,A4,Lack of data sync,Three-dot menu and lock icon invisible in custom tabs because visibility state not correctly set when custom tab UI initialized
390,3675,Firefox,A3,Wrong control flow,Blank screen shown after setting default browser because navigation logic does not include step to return to settings
391,4739,Firefox,A3,Wrong control flow,Search engines cannot be removed because deletion handler logic has no effect and does not persist removal action
393,3121,Firefox,A4,Lack of data sync,Send usage data toggle reverts to disabled on returning to settings because preference value not correctly persisted
396,3664,Firefox,A4,Lack of data sync,Insecure connection doorhanger missing domain and shows duplicate icon because UI not correctly populated from security state data
